objectSid;userPrincipalName;displayName;givenName;manager ;CN;DN;OU;SN;department;title;mail;mobilePhone;userAccountControl
01050000000000051500000007E53B2B782E9D139522F87F520C0000;test_user_name@horns_and_hooves.ru;Александр Александрович;Александр Александрович;CN=Илья Викторович,OU=Отдел инфраструктуры и администрирования,OU=Служба разработки и администрирования,OU=Дирекция информационных технологий,OU=ОАО Рога и Копыта,OU=FL,DC=Рога и Копыта,DC=ru;Александр Александрович;CN=Александр Александрович,OU=Группа круглосуточного администрирования инфраструктуры,OU=Отдел инфраструктуры и администрирования,OU=Служба разработки и администрирования,OU=Дирекция информационных технологий,OU=ОАО Рога и Копыта,OU=FL,DC=Рога и Копыта,DC=ru;;Ищенко;Группа круглосуточного администрирования инфраструктуры;Ведущий специалист группы инфраструктуры и администрирования;test_user_name@horns_and_hooves.ru;+7 (000) 123-45-67;66048
01050000000000051500000007E53B2B782E9D139522F87FE8030000;;TsInternetUser;;;TsInternetUser;CN=TsInternetUser,CN=Users,DC=Рога и Копыта,DC=ru;;;;;;;66080
01050000000000051500000007E53B2B782E9D139522F87FC01B0000;;Internet Guest Account;;;IUSR_FILE-SRV2;CN=IUSR_FILE-SRV2,CN=Users,DC=Рога и Копыта,DC=ru;;;;;;;66080
01050000000000051500000007E53B2B782E9D139522F87F85400000;test_user_name@horns_and_hooves.ru;Валерия;Валерия;;Макарова Валерия;CN=Валерия,OU=Users,OU=Fired,DC=Рога и Копыта,DC=ru;;Макарова;Аутсорсеры;;;;66050
01050000000000051500000007E53B2B782E9D139522F87F76400000;test_user_name@horns_and_hooves.ru;Алексей Борисович;Алексей Борисович;;Алексей Борисович;CN=Алексей Борисович,OU=Users,OU=Fired,DC=Рога и Копыта,DC=ru;;Дианов;Аутсорсеры;;d_alex@viatau.ru;;66050
01050000000000051500000007E53B2B782E9D139522F87F56400000;test_user_name@horns_and_hooves.ru;Алена Игоревна;Алена Игоревна;CN=Дмитрий Александрович,OU=Дизайн-студия по каталогу,OU=Департамент маркетинга и планирования,OU=ОАО Рога и Копыта,OU=FL,DC=Рога и Копыта,DC=ru;Алена Игоревна;CN=Алена Игоревна,OU=Дизайн-студия по каталогу,OU=Департамент маркетинга и планирования,OU=ОАО Рога и Копыта,OU=FL,DC=Рога и Копыта,DC=ru;;Ионова;Дизайн-студия по каталогу;Редактор каталога;test_user_name@horns_and_hooves.ru;;66048
01050000000000051500000007E53B2B782E9D139522F87F78400000;test_user_name@horns_and_hooves.ru;Александр Петрович;Александр Петрович;;Александр Петрович;CN=Александр Петрович,OU=ЧОП Эллипс FL,OU=FL,DC=Рога и Копыта,DC=ru;;Самохин;ЧОП Эллипс FL;Оперативный дежурный;test_user_name@horns_and_hooves.ru;;66048
01050000000000051500000007E53B2B782E9D139522F87F4E400000;test_user_name@horns_and_hooves.ru;Евгений;Евгений;;Гурлев Евгений;CN=Евгений,OU=Users,OU=Fired,DC=Рога и Копыта,DC=ru;;Гурлев;Аутсорсеры;;;;66050
01050000000000051500000007E53B2B782E9D139522F87F51400000;test_user_name@horns_and_hooves.ru;Екатерина Андреевна;Екатерина Андреевна;CN=Ирина Борисовна,OU=Департамент косметики и парфюмерии,OU=ОАО Рога и Копыта,OU=FL,DC=Рога и Копыта,DC=ru;Екатерина Андреевна;CN=Екатерина Андреевна,OU=Цех Декоративная косметика,OU=Производство,OU=Департамент косметики и парфюмерии,OU=ОАО Рога и Копыта,OU=FL,DC=Рога и Копыта,DC=ru;;Сазонова;Декоративная косметика;Начальник цеха декоративной косметики;test_user_name@horns_and_hooves.ru;;66048
01050000000000051500000007E53B2B782E9D139522F87F2B400000;test_user_name@horns_and_hooves.ru;Олег;Олег;CN=Александр Владимирович,OU=Группа разработки ERP,OU=Отдел разработки программного обеспечения,OU=Служба разработки и администрирования,OU=Дирекция информационных технологий,OU=ОАО Рога и Копыта,OU=FL,DC=Рога и Копыта,DC=ru;Кривицкий Олег;CN=Олег,OU=ИП Кривицкий,OU=Аутсорсеры,OU=FL,DC=Рога и Копыта,DC=ru;;Кривицкий;ИП Кривицкий;;test_user_name@horns_and_hooves.ru;;66048
01050000000000051500000007E53B2B782E9D139522F87F41400000;test_user_name@horns_and_hooves.ru;Тимофей;Тимофей;;Полянский Тимофей;CN=Тимофей,OU=Users,OU=Fired,DC=Рога и Копыта,DC=ru;;Полянский;Аутсорсеры;;;;66050
01050000000000051500000007E53B2B782E9D139522F87F73400000;test_user_name@horns_and_hooves.ru;Алексей;Алексей;;Проценко Алексей;CN=Алексей,OU=Users,OU=Fired,DC=Рога и Копыта,DC=ru;;Проценко;Аутсорсеры;;;;66050
01050000000000051500000007E53B2B782E9D139522F87F3B400000;test_user_name@horns_and_hooves.ru;Татьяна Олеговна;Татьяна Олеговна;CN=Ольга Владимировна,OU=Офис,OU=РРЦ Москва,OU=Дирекция логистики,OU=ОАО Рога и Копыта,OU=FL,DC=Рога и Копыта,DC=ru;Татьяна Олеговна;CN=Татьяна Олеговна,OU=Участок экспедиции,OU=РРЦ Москва,OU=Дирекция логистики,OU=ОАО Рога и Копыта,OU=FL,DC=Рога и Копыта,DC=ru;;Жарова;Участок экспедиции;по логистике;test_user_name@horns_and_hooves.ru;;66048
01050000000000051500000007E53B2B782E9D139522F87F2C400000;test_user_name@horns_and_hooves.ru;Денис;Денис;CN=Александр Владимирович,OU=Группа разработки ERP,OU=Отдел разработки программного обеспечения,OU=Служба разработки и администрирования,OU=Дирекция информационных технологий,OU=ОАО Рога и Копыта,OU=FL,DC=Рога и Копыта,DC=ru;Аврамчук Денис;CN=Денис,OU=ИП Кривицкий,OU=Аутсорсеры,OU=FL,DC=Рога и Копыта,DC=ru;;Аврамчук;ИП Кривицкий;;test_user_name@horns_and_hooves.ru;;66048
01050000000000051500000007E53B2B782E9D139522F87F6C400000;test_user_name@horns_and_hooves.ru;Татьяна Николаевна;Татьяна Николаевна;CN=Евгений Михайлович,OU=Цех Бытовая химия,OU=Производство,OU=Департамент косметики и парфюмерии,OU=ОАО Рога и Копыта,OU=FL,DC=Рога и Копыта,DC=ru;Татьяна Николаевна;CN=Татьяна Николаевна,OU=Цех Бытовая химия,OU=Производство,OU=Департамент косметики и парфюмерии,OU=ОАО Рога и Копыта,OU=FL,DC=Рога и Копыта,DC=ru;;Рузанова;Бытовая химия;Мастер цеха;test_user_name@horns_and_hooves.ru;;66048
01050000000000051500000007E53B2B782E9D139522F87F31400000;test_user_name@horns_and_hooves.ru;Михаил Александрович;Михаил Александрович;CN=Михаил Николаевич,OU=Группа разработки Партнер,OU=Отдел разработки программного обеспечения,OU=Служба разработки и администрирования,OU=Дирекция информационных технологий,OU=ОАО Рога и Копыта,OU=FL,DC=Рога и Копыта,DC=ru;Михаил Александрович;CN=Михаил Александрович,OU=Группа разработки Партнер,OU=Отдел разработки программного обеспечения,OU=Служба разработки и администрирования,OU=Дирекция информационных технологий,OU=ОАО Рога и Копыта,OU=FL,DC=Рога и Копыта,DC=ru;;Капитонов;разработки Партнер;Программист;test_user_name@horns_and_hooves.ru;;66048
01050000000000051500000007E53B2B782E9D139522F87F2D400000;test_user_name@horns_and_hooves.ru;Андрей;Андрей;;Ивлиев Андрей;CN=Андрей,OU=Users,OU=Fired,DC=Рога и Копыта,DC=ru;;Ивлиев;Аутсорсеры;;;;66050
01050000000000051500000007E53B2B782E9D139522F87F77400000;test_user_name@horns_and_hooves.ru;Сергей;Сергей;CN=Александр Владимирович,OU=Группа разработки ERP,OU=Отдел разработки программного обеспечения,OU=Служба разработки и администрирования,OU=Дирекция информационных технологий,OU=ОАО Рога и Копыта,OU=FL,DC=Рога и Копыта,DC=ru;Игнатенко Сергей;CN=Сергей,OU=ИП Кривицкий,OU=Аутсорсеры,OU=FL,DC=Рога и Копыта,DC=ru;;Игнатенко;ИП Кривицкий;;test_user_name@horns_and_hooves.ru;;66048
01050000000000051500000007E53B2B782E9D139522F87F3D400000;test_user_name@horns_and_hooves.ru;Ксения Евгеньевна;Ксения Евгеньевна;;Ксения Евгеньевна;CN=Ксения Евгеньевна,OU=Отдел рекламы и связей с общественностью,OU=Департамент маркетинга и планирования,OU=ОАО Рога и Копыта,OU=FL,DC=Рога и Копыта,DC=ru;;Иншакова;Отдел рекламы и связей с общественностью;Старший менеджер по рекламе;test_user_name@horns_and_hooves.ru;;66048
01050000000000051500000007E53B2B782E9D139522F87F6D080000;test_user_name@horns_and_hooves.ru;Валерий Иванович;Валерий Иванович;CN=Илья Сергеевич,OU=Отдел технической поддержки,OU=Служба Единой IT-Поддержки,OU=Дирекция информационных технологий,OU=ОАО Рога и Копыта,OU=FL,DC=Рога и Копыта,DC=ru;Валерий Иванович;CN=Валерий Иванович,OU=Отдел технической поддержки,OU=Служба Единой IT-Поддержки,OU=Дирекция информационных технологий,OU=ОАО Рога и Копыта,OU=FL,DC=Рога и Копыта,DC=ru;;Тацюк;технической поддержки;Инженер отдела технической поддержки;test_user_name@horns_and_hooves.ru;;66048
01050000000000051500000007E53B2B782E9D139522F87F901C0000;;SpaceGuardSvcAccnt;;;SpaceGuardSvcAccnt;CN=SpaceGuardSvcAccnt,OU=Users,OU=Fired,DC=Рога и Копыта,DC=ru;;;;;;;66050
01050000000000051500000007E53B2B782E9D139522F87F633B0000;;Internet Guest Account;;;IUSR_FL-SRV;CN=IUSR_FL-SRV,CN=Users,DC=Рога и Копыта,DC=ru;;;;;;;66080
01050000000000051500000007E53B2B782E9D139522F87FF53C0000;;Internet Guest Account;;;IUSR_STOL-SRV;CN=IUSR_STOL-SRV,CN=Users,DC=Рога и Копыта,DC=ru;;;;;;;66080
01050000000000051500000007E53B2B782E9D139522F87F9E350000;;Internet Guest Account;;;IUSR_BACKUP-SRV;CN=IUSR_BACKUP-SRV,CN=Users,DC=Рога и Копыта,DC=ru;;;;;;;66080
01050000000000051500000007E53B2B782E9D139522F87F423B0000;;cba_anonymous;;;cba_anonymous;CN=cba_anonymous,OU=Users,OU=Fired,DC=Рога и Копыта,DC=ru;;;;;;;66050
01050000000000051500000007E53B2B782E9D139522F87F372A0000;test_user_name@horns_and_hooves.ru;FarmService;FarmService;;FarmService;CN=FarmService,OU=Point,OU=Cloud,DC=Рога и Копыта,DC=ru;;;;;;;66048
01050000000000051500000007E53B2B782E9D139522F87F09250000;test_user_name@horns_and_hooves.ru;Михаил Владимирович;Михаил Владимирович;CN=Андрей Викторович,OU=Служба разработки и администрирования,OU=Дирекция информационных технологий,OU=ОАО Рога и Копыта,OU=FL,DC=Рога и Копыта,DC=ru;Михаил Владимирович;CN=Михаил Владимирович,OU=Отдел стратегических исследований,OU=Служба разработки и администрирования,OU=Дирекция информационных технологий,OU=ОАО Рога и Копыта,OU=FL,DC=Рога и Копыта,DC=ru;;Маймистов;стратегических исследований;Системный архитектор;test_user_name@horns_and_hooves.ru;+7 (000) 123-45-67;66048
01050000000000051500000007E53B2B782E9D139522F87F380A0000;test_user_name@horns_and_hooves.ru;Алексей Геннадьевич;Алексей Геннадьевич;;Алексей Геннадьевич;CN=Алексей Геннадьевич,OU=ОАО Рога и Копыта,OU=FL,DC=Рога и Копыта,DC=ru;;Нечаев;ОАО Рога и Копыта;Президент;test_user_name@horns_and_hooves.ru;+7 (000) 123-45-67;66048
01050000000000051500000007E53B2B782E9D139522F87FE2210000;test_user_name@horns_and_hooves.ru;Ольга Евгеньевна;Ольга Евгеньевна;;Ольга Евгеньевна;CN=Ольга Евгеньевна,OU=ЧОП Эллипс FL,OU=FL,DC=Рога и Копыта,DC=ru;;Соловьева;ЧОП Эллипс FL;Главный администратор бюро пропусков;test_user_name@horns_and_hooves.ru;;66048
01050000000000051500000007E53B2B782E9D139522F87F24120000;test_user_name@horns_and_hooves.ru;Светлана Борисовна;Светлана Борисовна;CN=Татьяна Вениаминовна,OU=Отдел сервисной поддержки консультантов,OU=Дирекция продаж,OU=ОАО Рога и Копыта,OU=FL,DC=Рога и Копыта,DC=ru;Светлана Борисовна;CN=Светлана Борисовна,OU=Отдел сервисной поддержки консультантов,OU=Дирекция продаж,OU=ОАО Рога и Копыта,OU=FL,DC=Рога и Копыта,DC=ru;;Бреус;Отдел сервисной поддержки консультантов;Координатор по поддержке ИП;test_user_name@horns_and_hooves.ru;+7 (000) 123-45-67;66048
01050000000000051500000007E53B2B782E9D139522F87F76080000;test_user_name@horns_and_hooves.ru;Римма Валерьевна;Римма Валерьевна;;Римма Валерьевна;CN=Римма Валерьевна,OU=Центр научных разработок,OU=ОАО Рога и Копыта,OU=FL,DC=Рога и Копыта,DC=ru;;Корнеева;научных разработок;Руководитель центра/главный косметолог;test_user_name@horns_and_hooves.ru;+7 (000) 123-45-67;66048
01050000000000051500000007E53B2B782E9D139522F87F5E040000;test_user_name@horns_and_hooves.ru;Сергей Владимирович;Сергей Владимирович;CN=Дмитрий Александрович,OU=Отдел разработки программного обеспечения,OU=Служба разработки и администрирования,OU=Дирекция информационных технологий,OU=ОАО Рога и Копыта,OU=FL,DC=Рога и Копыта,DC=ru;Сергей Владимирович;CN=Сергей Владимирович,OU=Группа разработки отчетности,OU=Отдел разработки программного обеспечения,OU=Служба разработки и администрирования,OU=Дирекция информационных технологий,OU=ОАО Рога и Копыта,OU=FL,DC=Рога и Копыта,DC=ru;;Кондратьев;разработки отчетности;Руководитель группы разработки отчетности;test_user_name@horns_and_hooves.ru;+7 (000) 123-45-67;66048
01050000000000051500000007E53B2B782E9D139522F87F500D0000;test_user_name@horns_and_hooves.ru;Геннадий Николаевич;Геннадий Николаевич;;Геннадий Николаевич;CN=Геннадий Николаевич,OU=ОАО Рога и Копыта,OU=FL,DC=Рога и Копыта,DC=ru;;Нечаев;ОАО Рога и Копыта;;test_user_name@horns_and_hooves.ru;+7 (000) 123-45-67;66048
01050000000000051500000007E53B2B782E9D139522F87F61080000;test_user_name@horns_and_hooves.ru;Ирина Федоровна;Ирина Федоровна;CN=Ирина Борисовна,OU=Департамент косметики и парфюмерии,OU=ОАО Рога и Копыта,OU=FL,DC=Рога и Копыта,DC=ru;Ирина Федоровна;CN=Ирина Федоровна,OU=Отдел разработки новых продуктов,OU=Департамент косметики и парфюмерии,OU=ОАО Рога и Копыта,OU=FL,DC=Рога и Копыта,DC=ru;;Вощинина;Отдел разработки новых продуктов;Главный эксперт по парфюмерии;test_user_name@horns_and_hooves.ru;+7 (000) 123-45-67;66048
01050000000000051500000007E53B2B782E9D139522F87FC00D0000;test_user_name@horns_and_hooves.ru;Ирина Борисовна;Ирина Борисовна;CN=Владислав Андреевич,OU=ОАО Рога и Копыта,OU=FL,DC=Рога и Копыта,DC=ru;Ирина Борисовна;CN=Ирина Борисовна,OU=Департамент косметики и парфюмерии,OU=ОАО Рога и Копыта,OU=FL,DC=Рога и Копыта,DC=ru;;Голдыш;Департамент косметики и парфюмерии;Директор департамента косметики и парфюмерии;test_user_name@horns_and_hooves.ru;+7 (000) 123-45-67;66048
01050000000000051500000007E53B2B782E9D139522F87F81290000;test_user_name@horns_and_hooves.ru;Елена Владимировна;Елена Владимировна;;Елена Владимировна;CN=Елена Владимировна,OU=Дирекция развития,OU=ОАО Рога и Копыта,OU=FL,DC=Рога и Копыта,DC=ru;;Баева;Дирекция развития;;test_user_name@horns_and_hooves.ru;+7 (000) 123-45-67;66048
01050000000000051500000007E53B2B782E9D139522F87F4A0C0000;test_user_name@horns_and_hooves.ru;Алла Владимировна;Алла Владимировна;CN=Владислав Андреевич,OU=ОАО Рога и Копыта,OU=FL,DC=Рога и Копыта,DC=ru;Алла Владимировна;CN=Алла Владимировна,OU=Департамент маркетинга и планирования,OU=ОАО Рога и Копыта,OU=FL,DC=Рога и Копыта,DC=ru;;Анникова;Департамент маркетинга и планирования;Исполнительный директор;test_user_name@horns_and_hooves.ru;+7 (000) 123-45-67;66048
01050000000000051500000007E53B2B782E9D139522F87FEF290000;test_user_name@horns_and_hooves.ru;Регина Эдуардовна;Регина Эдуардовна;CN=Андрей Витальевич,OU=Департамент одежды и аксессуаров,OU=ОАО Рога и Копыта,OU=FL,DC=Рога и Копыта,DC=ru;Регина Эдуардовна;CN=Регина Эдуардовна,OU=Отдел нижнего белья и аксессуаров,OU=Департамент одежды и аксессуаров,OU=ОАО Рога и Копыта,OU=FL,DC=Рога и Копыта,DC=ru;;Оленина;Отдел нижнего белья и аксессуаров;Директор направления ""Нижнее белье и аксессуары"";test_user_name@horns_and_hooves.ru;+7 (000) 123-45-67;66048
01050000000000051500000007E53B2B782E9D139522F87F400C0000;test_user_name@horns_and_hooves.ru;Наталья Петровна;Наталья Петровна;CN=Ирина Борисовна,OU=Департамент косметики и парфюмерии,OU=ОАО Рога и Копыта,OU=FL,DC=Рога и Копыта,DC=ru;Наталья Петровна;CN=Наталья Петровна,OU=Отдел производственного планирования,OU=Департамент косметики и парфюмерии,OU=ОАО Рога и Копыта,OU=FL,DC=Рога и Копыта,DC=ru;;Агафонова;производственного планирования;Директор по производственному планированию;test_user_name@horns_and_hooves.ru;+7 (000) 123-45-67;66048
01050000000000051500000007E53B2B782E9D139522F87F68240000;test_user_name@horns_and_hooves.ru;Юлия Ивановна;Юлия Ивановна;CN=Евгения Михайловна,OU=Отдел контроля качеством,OU=Департамент косметики и парфюмерии,OU=ОАО Рога и Копыта,OU=FL,DC=Рога и Копыта,DC=ru;Юлия Ивановна;CN=Юлия Ивановна,OU=Отдел контроля качеством,OU=Департамент косметики и парфюмерии,OU=ОАО Рога и Копыта,OU=FL,DC=Рога и Копыта,DC=ru;;Крупецкова;контроля качеством;Контролер;test_user_name@horns_and_hooves.ru;;66048
01050000000000051500000007E53B2B782E9D139522F87F892A0000;test_user_name@horns_and_hooves.ru;Юрий Викторович;Юрий Викторович;CN=Валерий Викторович,OU=Дирекция информационных технологий,OU=ОАО Рога и Копыта,OU=FL,DC=Рога и Копыта,DC=ru;Юрий Викторович;CN=Юрий Викторович,OU=Служба автоматизации логистики,OU=Дирекция информационных технологий,OU=ОАО Рога и Копыта,OU=FL,DC=Рога и Копыта,DC=ru;;Ефремов;автоматизации логистики;Руководитель службы автоматизации логистики;test_user_name@horns_and_hooves.ru;+7 (000) 123-45-67;66048
01050000000000051500000007E53B2B782E9D139522F87F7C180000;test_user_name@horns_and_hooves.ru;Валерий Викторович;Валерий Викторович;CN=Владислав Андреевич,OU=ОАО Рога и Копыта,OU=FL,DC=Рога и Копыта,DC=ru;Валерий Викторович;CN=Валерий Викторович,OU=Дирекция информационных технологий,OU=ОАО Рога и Копыта,OU=FL,DC=Рога и Копыта,DC=ru;;Капленко;информационных технологий;Директор по информационным технологиям;test_user_name@horns_and_hooves.ru;+7 (000) 123-45-67;66048
01050000000000051500000007E53B2B782E9D139522F87F1A180000;test_user_name@horns_and_hooves.ru;Виталий Анатольевич;Виталий Анатольевич;CN=Алексей Владимирович,OU=Отдел поддержки внутренних разработок,OU=Служба Единой IT-Поддержки,OU=Дирекция информационных технологий,OU=ОАО Рога и Копыта,OU=FL,DC=Рога и Копыта,DC=ru;Виталий Анатольевич;CN=Виталий Анатольевич,OU=Отдел поддержки внутренних разработок,OU=Служба Единой IT-Поддержки,OU=Дирекция информационных технологий,OU=ОАО Рога и Копыта,OU=FL,DC=Рога и Копыта,DC=ru;;Виклушкин;Отдел поддержки внутренних разработок;технический администратор;test_user_name@horns_and_hooves.ru;+7 (000) 123-45-67;66048
01050000000000051500000007E53B2B782E9D139522F87FD82A0000;test_user_name@horns_and_hooves.ru;Алексей Владимирович;Алексей Владимирович;CN=Вячеслав Александрович,OU=Служба Единой IT-Поддержки,OU=Дирекция информационных технологий,OU=ОАО Рога и Копыта,OU=FL,DC=Рога и Копыта,DC=ru;Алексей Владимирович;CN=Алексей Владимирович,OU=Отдел поддержки внутренних разработок,OU=Служба Единой IT-Поддержки,OU=Дирекция информационных технологий,OU=ОАО Рога и Копыта,OU=FL,DC=Рога и Копыта,DC=ru;;Ларькин;Отдел поддержки внутренних разработок;технический администратор;test_user_name@horns_and_hooves.ru;+7 (000) 123-45-67;66048
01050000000000051500000007E53B2B782E9D139522F87F700C0000;test_user_name@horns_and_hooves.ru;Ирина Александровна;Ирина Александровна;CN=Дмитрий Александрович,OU=Финансовая дирекция,OU=ОАО Рога и Копыта,OU=FL,DC=Рога и Копыта,DC=ru;Ирина Александровна;CN=Ирина Александровна,OU=Отдел бюджетирования и финансового анализа,OU=Финансовая дирекция,OU=ОАО Рога и Копыта,OU=FL,DC=Рога и Копыта,DC=ru;;Яппарова;Отдел бюджетирования и финансового анализа;Начальник отдела;test_user_name@horns_and_hooves.ru;+7 (000) 123-45-67;66048
01050000000000051500000007E53B2B782E9D139522F87F732A0000;test_user_name@horns_and_hooves.ru;Анна Викторовна;Анна Викторовна;;Анна Викторовна;CN=Анна Викторовна,OU=Декрет,OU=FL,DC=Рога и Копыта,DC=ru;;Мочалова;Декрет;Специалист бюджетно-аналитического отдела;test_user_name@horns_and_hooves.ru;;66048
01050000000000051500000007E53B2B782E9D139522F87F0A180000;test_user_name@horns_and_hooves.ru;Евгения Владимировна;Евгения Владимировна;CN=Ирина Федоровна,OU=Отдел разработки новых продуктов,OU=Департамент косметики и парфюмерии,OU=ОАО Рога и Копыта,OU=FL,DC=Рога и Копыта,DC=ru;Евгения Владимировна;CN=Евгения Владимировна,OU=Отдел производственного планирования,OU=Департамент косметики и парфюмерии,OU=ОАО Рога и Копыта,OU=FL,DC=Рога и Копыта,DC=ru;;Гранкина;производственного планирования;Ведущий специалист по планированию;test_user_name@horns_and_hooves.ru;+7 (000) 123-45-67;66048
01050000000000051500000007E53B2B782E9D139522F87FA00D0000;test_user_name@horns_and_hooves.ru;Татьяна Владимировна;Татьяна Владимировна;CN=Дмитрий Борисович,OU=Отдел планирования и аналитики,OU=Департамент маркетинга и планирования,OU=ОАО Рога и Копыта,OU=FL,DC=Рога и Копыта,DC=ru;Татьяна Владимировна;CN=Татьяна Владимировна,OU=Группа управления товарными запасами,OU=Отдел планирования и аналитики,OU=Департамент маркетинга и планирования,OU=ОАО Рога и Копыта,OU=FL,DC=Рога и Копыта,DC=ru;;Литвинова;Группа управления товарными запасами;Руководитель группы;test_user_name@horns_and_hooves.ru;;66048
01050000000000051500000007E53B2B782E9D139522F87F91040000;test_user_name@horns_and_hooves.ru;Анна Владимировна;Анна Владимировна;CN=Дмитрий Борисович,OU=Отдел планирования и аналитики,OU=Департамент маркетинга и планирования,OU=ОАО Рога и Копыта,OU=FL,DC=Рога и Копыта,DC=ru;Анна Владимировна;CN=Анна Владимировна,OU=Отдел планирования и аналитики,OU=Департамент маркетинга и планирования,OU=ОАО Рога и Копыта,OU=FL,DC=Рога и Копыта,DC=ru;;Топоренская;Отдел планирования и аналитики;Заместитель директора по планированию;test_user_name@horns_and_hooves.ru;+7 (000) 123-45-67;66048
01050000000000051500000007E53B2B782E9D139522F87F3D0C0000;test_user_name@horns_and_hooves.ru;Оксана Михайловна;Оксана Михайловна;CN=Дмитрий Александрович,OU=Финансовая дирекция,OU=ОАО Рога и Копыта,OU=FL,DC=Рога и Копыта,DC=ru;Оксана Михайловна;CN=Оксана Михайловна,OU=Отдел управления ликвидностью,OU=Финансовая дирекция,OU=ОАО Рога и Копыта,OU=FL,DC=Рога и Копыта,DC=ru;;Морозова;управления ликвидностью;Специалист;test_user_name@horns_and_hooves.ru;+7 (000) 123-45-67;66048
01050000000000051500000007E53B2B782E9D139522F87FCC1B0000;test_user_name@horns_and_hooves.ru;Инна Анатольевна;Инна Анатольевна;CN=Денис Александрович,OU=Производственные склады,OU=Производство,OU=Департамент косметики и парфюмерии,OU=ОАО Рога и Копыта,OU=FL,DC=Рога и Копыта,DC=ru;Инна Анатольевна;CN=Инна Анатольевна,OU=Производственные склады,OU=Производство,OU=Департамент косметики и парфюмерии,OU=ОАО Рога и Копыта,OU=FL,DC=Рога и Копыта,DC=ru;;Афицерова;Производственные склады;Заведующий склада комплектующих направления ""Кислородная космети;test_user_name@horns_and_hooves.ru;+7 (000) 123-45-67;66048
01050000000000051500000007E53B2B782E9D139522F87F95240000;test_user_name@horns_and_hooves.ru;Елена Ивановна;Елена Ивановна;CN=Ольга Леонидовна,OU=Декрет,OU=FL,DC=Рога и Копыта,DC=ru;Елена Ивановна;CN=Елена Ивановна,OU=Отдел контроля качеством,OU=Департамент косметики и парфюмерии,OU=ОАО Рога и Копыта,OU=FL,DC=Рога и Копыта,DC=ru;;Анашкина;контроля качеством;Контролер;test_user_name@horns_and_hooves.ru;;66048
01050000000000051500000007E53B2B782E9D139522F87F76040000;test_user_name@horns_and_hooves.ru;Антон Сергеевич;Антон Сергеевич;CN=Валерий Викторович,OU=Дирекция информационных технологий,OU=ОАО Рога и Копыта,OU=FL,DC=Рога и Копыта,DC=ru;Антон Сергеевич;CN=Антон Сергеевич,OU=Служба бизнес-решений,OU=Дирекция информационных технологий,OU=ОАО Рога и Копыта,OU=FL,DC=Рога и Копыта,DC=ru;;Семенов;Служба бизнес-решений;Руководитель службы бизнес-решений;test_user_name@horns_and_hooves.ru;+7 (000) 123-45-67;66048
01050000000000051500000007E53B2B782E9D139522F87F6A2A0000;test_user_name@horns_and_hooves.ru;Юлия Петровна;Юлия Петровна;CN=Константин Михайлович,OU=Служба обеспечения,OU=Дирекция информационных технологий,OU=ОАО Рога и Копыта,OU=FL,DC=Рога и Копыта,DC=ru;Юлия Петровна;CN=Юлия Петровна,OU=Группа регионального обеспечения,OU=Служба обеспечения,OU=Дирекция информационных технологий,OU=ОАО Рога и Копыта,OU=FL,DC=Рога и Копыта,DC=ru;;Афонина;регионального обеспечения;Руководитель группы;test_user_name@horns_and_hooves.ru;+7 (000) 123-45-67;66048
01050000000000051500000007E53B2B782E9D139522F87FE7290000;test_user_name@horns_and_hooves.ru;Любовь Владимировна;Любовь Владимировна;;Любовь Владимировна;CN=Любовь Владимировна,OU=Users,OU=Fired,DC=Рога и Копыта,DC=ru;;Шумбасова;Декрет;по операциям;test_user_name@horns_and_hooves.ru;;66050
01050000000000051500000007E53B2B782E9D139522F87FD3190000;test_user_name@horns_and_hooves.ru;Елена Николаевна;Елена Николаевна;;Елена Николаевна;CN=Елена Николаевна,OU=Отдел закупок,OU=Департамент косметики и парфюмерии,OU=ОАО Рога и Копыта,OU=FL,DC=Рога и Копыта,DC=ru;;Флотская;Отдел закупок;Ведущий менеджер по закупкам;test_user_name@horns_and_hooves.ru;+7 (000) 123-45-67;66048
01050000000000051500000007E53B2B782E9D139522F87F822A0000;test_user_name@horns_and_hooves.ru;Оксана Валерьевна;Оксана Валерьевна;;Оксана Валерьевна;CN=Оксана Валерьевна,OU=Отдел закупок,OU=Департамент косметики и парфюмерии,OU=ОАО Рога и Копыта,OU=FL,DC=Рога и Копыта,DC=ru;;Пчелко;Отдел закупок;Ведущий менеджер по закупкам;test_user_name@horns_and_hooves.ru;+7 (000) 123-45-67;66048
01050000000000051500000007E53B2B782E9D139522F87F88290000;test_user_name@horns_and_hooves.ru;Анастасия Александровна;Анастасия Александровна;CN=Антон Сергеевич,OU=Служба бизнес-решений,OU=Дирекция информационных технологий,OU=ОАО Рога и Копыта,OU=FL,DC=Рога и Копыта,DC=ru;Анастасия Александровна;CN=Анастасия Александровна,OU=Служба бизнес-решений,OU=Дирекция информационных технологий,OU=ОАО Рога и Копыта,OU=FL,DC=Рога и Копыта,DC=ru;;Кликич;Служба бизнес-решений;Руководитель проектов;test_user_name@horns_and_hooves.ru;+7 (000) 123-45-67;66048
01050000000000051500000007E53B2B782E9D139522F87F69180000;test_user_name@horns_and_hooves.ru;Татьяна Станиславовна;Татьяна Станиславовна;CN=Дмитрий Александрович,OU=Финансовая дирекция,OU=ОАО Рога и Копыта,OU=FL,DC=Рога и Копыта,DC=ru;Татьяна Станиславовна;CN=Татьяна Станиславовна,OU=Бухгалтерия,OU=Финансовая дирекция,OU=ОАО Рога и Копыта,OU=FL,DC=Рога и Копыта,DC=ru;;Бартошевич;Бухгалтерия;Главный бухгалтер;test_user_name@horns_and_hooves.ru;+7 (000) 123-45-67;66048
01050000000000051500000007E53B2B782E9D139522F87F011C0000;test_user_name@horns_and_hooves.ru;Елена Николаевна;Елена Николаевна;CN=Станислав Владимирович,OU=Отдел внешнеэкономической деятельности,OU=Дирекция логистики,OU=ОАО Рога и Копыта,OU=FL,DC=Рога и Копыта,DC=ru;Елена Николаевна;CN=Елена Николаевна,OU=Отдел внешнеэкономической деятельности,OU=Дирекция логистики,OU=ОАО Рога и Копыта,OU=FL,DC=Рога и Копыта,DC=ru;;Мартынова;внешнеэкономической деятельности;Специалист по таможенному экспорту;test_user_name@horns_and_hooves.ru;;66048
01050000000000051500000007E53B2B782E9D139522F87F7E180000;test_user_name@horns_and_hooves.ru;Ирина Владимировна;Ирина Владимировна;CN=Татьяна Станиславовна,OU=Бухгалтерия,OU=Финансовая дирекция,OU=ОАО Рога и Копыта,OU=FL,DC=Рога и Копыта,DC=ru;Ирина Владимировна;CN=Ирина Владимировна,OU=Производственный отдел,OU=Бухгалтерия,OU=Финансовая дирекция,OU=ОАО Рога и Копыта,OU=FL,DC=Рога и Копыта,DC=ru;;Борисова;Производственный отдел;Начальник отдела;test_user_name@horns_and_hooves.ru;;66048
01050000000000051500000007E53B2B782E9D139522F87FEB290000;test_user_name@horns_and_hooves.ru;Екатерина Валерьевна;Екатерина Валерьевна;CN=Ирина Владимировна,OU=Производственный отдел,OU=Бухгалтерия,OU=Финансовая дирекция,OU=ОАО Рога и Копыта,OU=FL,DC=Рога и Копыта,DC=ru;Екатерина Валерьевна;CN=Екатерина Валерьевна,OU=Производственный отдел,OU=Бухгалтерия,OU=Финансовая дирекция,OU=ОАО Рога и Копыта,OU=FL,DC=Рога и Копыта,DC=ru;;Подъяблонская;Производственный отдел;Бухгалтер;test_user_name@horns_and_hooves.ru;;66048
01050000000000051500000007E53B2B782E9D139522F87F7B2A0000;test_user_name@horns_and_hooves.ru;Марина Леонидовна;Марина Леонидовна;CN=Максим Витальевич,OU=Дирекция международного развития,OU=ОАО Рога и Копыта,OU=FL,DC=Рога и Копыта,DC=ru;Марина Леонидовна;CN=Марина Леонидовна,OU=Отдел обучения,OU=Дирекция международного развития,OU=ОАО Рога и Копыта,OU=FL,DC=Рога и Копыта,DC=ru;;Шкуланова;Отдел обучения;Менеджер по работе с ключевыми партнерами;test_user_name@horns_and_hooves.ru;+7 (000) 123-45-67;66048
01050000000000051500000007E53B2B782E9D139522F87F842A0000;test_user_name@horns_and_hooves.ru;Ирина Григорьевна;Ирина Григорьевна;CN=Татьяна Вениаминовна,OU=Отдел сервисной поддержки консультантов,OU=Дирекция продаж,OU=ОАО Рога и Копыта,OU=FL,DC=Рога и Копыта,DC=ru;Ирина Григорьевна;CN=Ирина Григорьевна,OU=Отдел сервисной поддержки консультантов,OU=Дирекция продаж,OU=ОАО Рога и Копыта,OU=FL,DC=Рога и Копыта,DC=ru;;Селезнева;Отдел сервисной поддержки консультантов;Координатор по поддержке пунктов выдачи;test_user_name@horns_and_hooves.ru;+7 (000) 123-45-67;66048
01050000000000051500000007E53B2B782E9D139522F87F3E2A0000;test_user_name@horns_and_hooves.ru;Алексей Александрович;Алексей Александрович;CN=Антон Сергеевич,OU=Служба бизнес-решений,OU=Дирекция информационных технологий,OU=ОАО Рога и Копыта,OU=FL,DC=Рога и Копыта,DC=ru;Алексей Александрович;CN=Алексей Александрович,OU=Служба бизнес-решений,OU=Дирекция информационных технологий,OU=ОАО Рога и Копыта,OU=FL,DC=Рога и Копыта,DC=ru;;Ковылин;Служба бизнес-решений;руководитель проектов;test_user_name@horns_and_hooves.ru;+7 (000) 123-45-67;66048
01050000000000051500000007E53B2B782E9D139522F87F432A0000;test_user_name@horns_and_hooves.ru;Наталья Владимировна;Наталья Владимировна;CN=Ольга Владимировна,OU=Офис,OU=РРЦ Москва,OU=Дирекция логистики,OU=ОАО Рога и Копыта,OU=FL,DC=Рога и Копыта,DC=ru;Наталья Владимировна;CN=Наталья Владимировна,OU=Участок контроля качества,OU=РРЦ Москва,OU=Дирекция логистики,OU=ОАО Рога и Копыта,OU=FL,DC=Рога и Копыта,DC=ru;;Тарасова;контроля качества;Оператор;test_user_name@horns_and_hooves.ru;;66048
01050000000000051500000007E53B2B782E9D139522F87FE2190000;test_user_name@horns_and_hooves.ru;Геннадий;Геннадий;;Нечаев Геннадий;CN=Геннадий,OU=Users,OU=Fired,DC=Рога и Копыта,DC=ru;;Нечаев;ОАО Рога и Копыта;;;;66050
01050000000000051500000007E53B2B782E9D139522F87F28250000;test_user_name@horns_and_hooves.ru;Ольга Александровна;Ольга Александровна;CN=Ольга Владимировна,OU=Офис,OU=РРЦ Москва,OU=Дирекция логистики,OU=ОАО Рога и Копыта,OU=FL,DC=Рога и Копыта,DC=ru;Ольга Александровна;CN=Ольга Александровна,OU=Участок экспедиции,OU=РРЦ Москва,OU=Дирекция логистики,OU=ОАО Рога и Копыта,OU=FL,DC=Рога и Копыта,DC=ru;;Антонова;Участок экспедиции;Начальник участка;test_user_name@horns_and_hooves.ru;+7 (000) 123-45-67;66048
01050000000000051500000007E53B2B782E9D139522F87F3D250000;test_user_name@horns_and_hooves.ru;Елена Вячеславовна;Елена Вячеславовна;CN=Светлана Николаевна,OU=Бухгалтерия,OU=ООО Рога и Копыта Столица,OU=FL,DC=Рога и Копыта,DC=ru;Елена Вячеславовна;CN=Елена Вячеславовна,OU=Бухгалтерия,OU=ООО Рога и Копыта Столица,OU=FL,DC=Рога и Копыта,DC=ru;;Быкова;Бухгалтерия;Бухгалтер;test_user_name@horns_and_hooves.ru;;66048
01050000000000051500000007E53B2B782E9D139522F87F3A2A0000;test_user_name@horns_and_hooves.ru;CrawlService;CrawlService;;CrawlService;CN=CrawlService,OU=Point,OU=Cloud,DC=Рога и Копыта,DC=ru;;;;;;;66048
01050000000000051500000007E53B2B782E9D139522F87FB11C0000;test_user_name@horns_and_hooves.ru;Axapta Администратор;Администратор;;Axapta Администратор;CN=Axapta Администратор,OU=Users,OU=Fired,DC=Рога и Копыта,DC=ru;;Axapta;;;;;66050
01050000000000051500000007E53B2B782E9D139522F87F40250000;test_user_name@horns_and_hooves.ru;Рубен Хачатурович;Рубен Хачатурович;;Рубен Хачатурович;CN=Рубен Хачатурович,OU=Отдел закупок,OU=Департамент косметики и парфюмерии,OU=ОАО Рога и Копыта,OU=FL,DC=Рога и Копыта,DC=ru;;Хачатуров;Отдел закупок;Водитель-экспедитор;test_user_name@horns_and_hooves.ru;+7 (000) 123-45-67;66048
01050000000000051500000007E53B2B782E9D139522F87F0C180000;test_user_name@horns_and_hooves.ru;Станислав Владимирович;Станислав Владимирович;CN=Александр Николаевич,OU=Дирекция логистики,OU=ОАО Рога и Копыта,OU=FL,DC=Рога и Копыта,DC=ru;Станислав Владимирович;CN=Станислав Владимирович,OU=Отдел внешнеэкономической деятельности,OU=Дирекция логистики,OU=ОАО Рога и Копыта,OU=FL,DC=Рога и Копыта,DC=ru;;Борисов;внешнеэкономической деятельности;Начальник отдела;test_user_name@horns_and_hooves.ru;+7 (000) 123-45-67;66048
01050000000000051500000007E53B2B782E9D139522F87F1C2B0000;test_user_name@horns_and_hooves.ru;Игорь Иванович;Игорь Иванович;;Игорь Иванович;CN=Игорь Иванович,OU=ЧОП Эллипс FL,OU=FL,DC=Рога и Копыта,DC=ru;;Иванов;ЧОП Эллипс FL;Водитель;test_user_name@horns_and_hooves.ru;;66048
01050000000000051500000007E53B2B782E9D139522F87F972A0000;test_user_name@horns_and_hooves.ru;Ирэна Валентиновна;Ирэна Валентиновна;CN=Елена Николаевна,OU=Дирекция продаж,OU=ОАО Рога и Копыта,OU=FL,DC=Рога и Копыта,DC=ru;Ирэна Валентиновна;CN=Ирэна Валентиновна,OU=Дирекция продаж,OU=РРЦ Екатеринбург,OU=Дирекция логистики,OU=ОАО Рога и Копыта,OU=FL,DC=Рога и Копыта,DC=ru;;Лукиянова;Дирекция продаж;Директор по продажам направления ""Уральский регион"";test_user_name@horns_and_hooves.ru;+7 (000) 123-45-67;66048
01050000000000051500000007E53B2B782E9D139522F87FC92A0000;test_user_name@horns_and_hooves.ru;Илья Владимирович;Илья Владимирович;CN=Дмитрий Александрович,OU=Финансовая дирекция,OU=ОАО Рога и Копыта,OU=FL,DC=Рога и Копыта,DC=ru;Илья Владимирович;CN=Илья Владимирович,OU=Финансовая дирекция,OU=ОАО Рога и Копыта,OU=FL,DC=Рога и Копыта,DC=ru;;Дерябин;Финансовая дирекция;Финансовый контролер;test_user_name@horns_and_hooves.ru;;66048
01050000000000051500000007E53B2B782E9D139522F87FBE240000;test_user_name@horns_and_hooves.ru;APPLE;APPLE;CN=Нина Ремовна,OU=Отдел массовых коммуникаций,OU=Департамент маркетинга и планирования,OU=ОАО Рога и Копыта,OU=FL,DC=Рога и Копыта,DC=ru;APPLE;CN=APPLE,OU=Отдел массовых коммуникаций,OU=Департамент маркетинга и планирования,OU=ОАО Рога и Копыта,OU=FL,DC=Рога и Копыта,DC=ru;;;;;;;66048
01050000000000051500000007E53B2B782E9D139522F87F8C2D0000;test_user_name@horns_and_hooves.ru;Елена Николаевна;Елена Николаевна;CN=Маргарита Валентиновна,OU=Участок фасовки и упаковки косметической массы,OU=Цех Кислородная косметика,OU=Производство,OU=Департамент косметики и парфюмерии,OU=ОАО Рога и Копыта,OU=FL,DC=Рога и Копыта,DC=ru;Елена Николаевна;CN=Елена Николаевна,OU=Технологическая служба,OU=Производство,OU=Департамент косметики и парфюмерии,OU=ОАО Рога и Копыта,OU=FL,DC=Рога и Копыта,DC=ru;;Афанасьева;Технологическая служба;Технолог;test_user_name@horns_and_hooves.ru;;66048
01050000000000051500000007E53B2B782E9D139522F87F962A0000;test_user_name@horns_and_hooves.ru;Максим Витальевич;Максим Витальевич;CN=Владислав Андреевич,OU=ОАО Рога и Копыта,OU=FL,DC=Рога и Копыта,DC=ru;Максим Витальевич;CN=Максим Витальевич,OU=Дирекция международного развития,OU=ОАО Рога и Копыта,OU=FL,DC=Рога и Копыта,DC=ru;;Рыпаленко;международного развития;Директор по международному развитию бизнеса;test_user_name@horns_and_hooves.ru;+7 (000) 123-45-67;66048
01050000000000051500000007E53B2B782E9D139522F87F570C0000;test_user_name@horns_and_hooves.ru;Маргарита Викторовна;Маргарита Викторовна;CN=Владислав Андреевич,OU=ОАО Рога и Копыта,OU=FL,DC=Рога и Копыта,DC=ru;Маргарита Викторовна;CN=Маргарита Викторовна,OU=Юридическая служба,OU=Административно-управленческий персонал,OU=ОАО Рога и Копыта,OU=FL,DC=Рога и Копыта,DC=ru;;Маслова;Юридическая служба;Юрисконсульт;test_user_name@horns_and_hooves.ru;;66048
01050000000000051500000007E53B2B782E9D139522F87F2D3B0000;test_user_name@horns_and_hooves.ru;Склад2;Склад2;;Склад2;CN=Склад2,OU=ОСП Базисный склад г.Домодедово,OU=Базисный склад,OU=Дирекция логистики,OU=ОАО Рога и Копыта,OU=FL,DC=Рога и Копыта,DC=ru;;;;;;;66048
01050000000000051500000007E53B2B782E9D139522F87FA02D0000;test_user_name@horns_and_hooves.ru;Елена Сергеевна;Елена Сергеевна;;Елена Сергеевна;CN=Елена Сергеевна,OU=Users,OU=Fired,DC=Рога и Копыта,DC=ru;;Зюзина;;;;;514
01050000000000051500000007E53B2B782E9D139522F87FBB2D0000;test_user_name@horns_and_hooves.ru;Михаил Петрович;Михаил Петрович;CN=Алексей Александрович,OU=Отдел внутреннего аудита,OU=Финансовая дирекция,OU=ОАО Рога и Копыта,OU=FL,DC=Рога и Копыта,DC=ru;Михаил Петрович;CN=Михаил Петрович,OU=Отдел внутреннего аудита,OU=Финансовая дирекция,OU=ОАО Рога и Копыта,OU=FL,DC=Рога и Копыта,DC=ru;;Яковлев;внутреннего аудита;Аудитор;test_user_name@horns_and_hooves.ru;+7 (000) 123-45-67;66048
01050000000000051500000007E53B2B782E9D139522F87F3E1C0000;test_user_name@horns_and_hooves.ru;Наталья Васильевна;Наталья Васильевна;;Наталья Васильевна;CN=Наталья Васильевна,OU=Users,OU=Fired,DC=Рога и Копыта,DC=ru;;Скворцова;Кислородная косметика;Начальник цеха кислородной косметики;test_user_name@horns_and_hooves.ru;;66050
01050000000000051500000007E53B2B782E9D139522F87F72350000;test_user_name@horns_and_hooves.ru;Ольга Леонидовна;Ольга Леонидовна;;Ольга Леонидовна;CN=Ольга Леонидовна,OU=Декрет,OU=FL,DC=Рога и Копыта,DC=ru;;Богданова;Декрет;Руководитель направления;test_user_name@horns_and_hooves.ru;+7 (000) 123-45-67;66048
01050000000000051500000007E53B2B782E9D139522F87F992D0000;test_user_name@horns_and_hooves.ru;Елена Николаевна;Елена Николаевна;;Елена Николаевна;CN=Елена Николаевна,OU=Отдел производственного планирования,OU=Департамент косметики и парфюмерии,OU=ОАО Рога и Копыта,OU=FL,DC=Рога и Копыта,DC=ru;;Цаплина;производственного планирования;Ведущий специалист по планированию;test_user_name@horns_and_hooves.ru;+7 (000) 123-45-67;66048
01050000000000051500000007E53B2B782E9D139522F87FAE2D0000;test_user_name@horns_and_hooves.ru;Дарья Сергеевна;Дарья Сергеевна;;Дарья Сергеевна;CN=Дарья Сергеевна,OU=Users,OU=Fired,DC=Рога и Копыта,DC=ru;;Тямисова;Декрет;;;;66050
01050000000000051500000007E53B2B782E9D139522F87FE0290000;test_user_name@horns_and_hooves.ru;Галина Федоровна;Галина Федоровна;CN=Татьяна Станиславовна,OU=Бухгалтерия,OU=Финансовая дирекция,OU=ОАО Рога и Копыта,OU=FL,DC=Рога и Копыта,DC=ru;Галина Федоровна;CN=Галина Федоровна,OU=Отдел реализации,OU=Бухгалтерия,OU=Финансовая дирекция,OU=ОАО Рога и Копыта,OU=FL,DC=Рога и Копыта,DC=ru;;Моисеева;Отдел реализации;Начальник отдела;test_user_name@horns_and_hooves.ru;;66048
01050000000000051500000007E53B2B782E9D139522F87FCC2D0000;test_user_name@horns_and_hooves.ru;Татьяна Евгеньевна;Татьяна Евгеньевна;CN=Татьяна Станиславовна,OU=Бухгалтерия,OU=Финансовая дирекция,OU=ОАО Рога и Копыта,OU=FL,DC=Рога и Копыта,DC=ru;Татьяна Евгеньевна;CN=Татьяна Евгеньевна,OU=Финансовый отдел,OU=Бухгалтерия,OU=Финансовая дирекция,OU=ОАО Рога и Копыта,OU=FL,DC=Рога и Копыта,DC=ru;;Виклушкина;Финансовый отдел;Бухгалтер;test_user_name@horns_and_hooves.ru;;66048
01050000000000051500000007E53B2B782E9D139522F87F403B0000;test_user_name@horns_and_hooves.ru;Елена Юрьевна;Елена Юрьевна;CN=Татьяна Станиславовна,OU=Бухгалтерия,OU=Финансовая дирекция,OU=ОАО Рога и Копыта,OU=FL,DC=Рога и Копыта,DC=ru;Елена Юрьевна;CN=Елена Юрьевна,OU=Бухгалтерия,OU=Финансовая дирекция,OU=ОАО Рога и Копыта,OU=FL,DC=Рога и Копыта,DC=ru;;Цыганова;Бухгалтерия;Заместитель главного бухгалтера по общим вопросам;test_user_name@horns_and_hooves.ru;;66048
01050000000000051500000007E53B2B782E9D139522F87F152A0000;test_user_name@horns_and_hooves.ru;Елена Алексеевна;Елена Алексеевна;CN=Татьяна Станиславовна,OU=Бухгалтерия,OU=Финансовая дирекция,OU=ОАО Рога и Копыта,OU=FL,DC=Рога и Копыта,DC=ru;Елена Алексеевна;CN=Елена Алексеевна,OU=Группа расчетов с персоналом,OU=Бухгалтерия,OU=Финансовая дирекция,OU=ОАО Рога и Копыта,OU=FL,DC=Рога и Копыта,DC=ru;;Ильязова;Группа расчетов с персоналом;Руководитель группы;test_user_name@horns_and_hooves.ru;;66048
01050000000000051500000007E53B2B782E9D139522F87F4F330000;test_user_name@horns_and_hooves.ru;Татьяна Анатольевна;Татьяна Анатольевна;CN=Галина Федоровна,OU=Отдел реализации,OU=Бухгалтерия,OU=Финансовая дирекция,OU=ОАО Рога и Копыта,OU=FL,DC=Рога и Копыта,DC=ru;Татьяна Анатольевна;CN=Татьяна Анатольевна,OU=Отдел реализации,OU=Бухгалтерия,OU=Финансовая дирекция,OU=ОАО Рога и Копыта,OU=FL,DC=Рога и Копыта,DC=ru;;Позднякова;Отдел реализации;Бухгалтер;test_user_name@horns_and_hooves.ru;;66048
01050000000000051500000007E53B2B782E9D139522F87F800D0000;test_user_name@horns_and_hooves.ru;Валентина Николаевна;Валентина Николаевна;CN=Владислав Андреевич,OU=ОАО Рога и Копыта,OU=FL,DC=Рога и Копыта,DC=ru;Валентина Николаевна;CN=Валентина Николаевна,OU=Административно-управленческий персонал,OU=ОАО Рога и Копыта,OU=FL,DC=Рога и Копыта,DC=ru;;Кукушкина;Административно-управленческий персонал;Инженер по охране труда;test_user_name@horns_and_hooves.ru;+7 (000) 123-45-67;66048
01050000000000051500000007E53B2B782E9D139522F87F5C2D0000;test_user_name@horns_and_hooves.ru;Татьяна Анатольевна;Татьяна Анатольевна;CN=Татьяна Станиславовна,OU=Бухгалтерия,OU=Финансовая дирекция,OU=ОАО Рога и Копыта,OU=FL,DC=Рога и Копыта,DC=ru;Татьяна Анатольевна;CN=Татьяна Анатольевна,OU=Отдел реализации,OU=Бухгалтерия,OU=Финансовая дирекция,OU=ОАО Рога и Копыта,OU=FL,DC=Рога и Копыта,DC=ru;;Краснова;Отдел реализации;отдела реализации;test_user_name@horns_and_hooves.ru;;66048
01050000000000051500000007E53B2B782E9D139522F87F55350000;test_user_name@horns_and_hooves.ru;Екатерина Олеговна;Екатерина Олеговна;CN=Станислав Владимирович,OU=Отдел внешнеэкономической деятельности,OU=Дирекция логистики,OU=ОАО Рога и Копыта,OU=FL,DC=Рога и Копыта,DC=ru;Екатерина Олеговна;CN=Екатерина Олеговна,OU=Отдел внешнеэкономической деятельности,OU=Дирекция логистики,OU=ОАО Рога и Копыта,OU=FL,DC=Рога и Копыта,DC=ru;;Ильина;внешнеэкономической деятельности;Ведущий специалист по таможенному оформлению;test_user_name@horns_and_hooves.ru;;66048
01050000000000051500000007E53B2B782E9D139522F87F542B0000;test_user_name@horns_and_hooves.ru;Светлана Николаевна;Светлана Николаевна;CN=Нина Ремовна,OU=Отдел массовых коммуникаций,OU=Департамент маркетинга и планирования,OU=ОАО Рога и Копыта,OU=FL,DC=Рога и Копыта,DC=ru;Светлана Николаевна;CN=Светлана Николаевна,OU=Отдел массовых коммуникаций,OU=Департамент маркетинга и планирования,OU=ОАО Рога и Копыта,OU=FL,DC=Рога и Копыта,DC=ru;;Симоненко;массовых коммуникаций;Менеджер по массовым коммуникациям;test_user_name@horns_and_hooves.ru;;66048
01050000000000051500000007E53B2B782E9D139522F87F4F3B0000;test_user_name@horns_and_hooves.ru;Татьяна Ивановна;Татьяна Ивановна;;Татьяна Ивановна;CN=Татьяна Ивановна,OU=ЧОП Эллипс FL,OU=FL,DC=Рога и Копыта,DC=ru;;Корнеева;ЧОП Эллипс FL;Бухгалтер;test_user_name@horns_and_hooves.ru;;66048
01050000000000051500000007E53B2B782E9D139522F87FD4190000;test_user_name@horns_and_hooves.ru;Виктория Николаевна;Виктория Николаевна;;Виктория Николаевна;CN=Виктория Николаевна,OU=Производственные склады,OU=Производство,OU=Департамент косметики и парфюмерии,OU=ОАО Рога и Копыта,OU=FL,DC=Рога и Копыта,DC=ru;;Коновалова;Производственные склады;Менеджер по складской логистике направления ""Кислородная космети;test_user_name@horns_and_hooves.ru;+7 (000) 123-45-67;66048
01050000000000051500000007E53B2B782E9D139522F87FA42D0000;test_user_name@horns_and_hooves.ru;Екатерина Сергеевна;Екатерина Сергеевна;;Екатерина Сергеевна;CN=Екатерина Сергеевна,OU=Производственные склады,OU=Производство,OU=Департамент косметики и парфюмерии,OU=ОАО Рога и Копыта,OU=FL,DC=Рога и Копыта,DC=ru;;Докукина;Производственные склады;Кладовщик;test_user_name@horns_and_hooves.ru;;66048
01050000000000051500000007E53B2B782E9D139522F87F7A2D0000;test_user_name@horns_and_hooves.ru;Виктория Сергеевна;Виктория Сергеевна;CN=Ирина Александровна,OU=Отдел бюджетирования и финансового анализа,OU=Финансовая дирекция,OU=ОАО Рога и Копыта,OU=FL,DC=Рога и Копыта,DC=ru;Виктория Сергеевна;CN=Виктория Сергеевна,OU=Отдел бюджетирования и финансового анализа,OU=Финансовая дирекция,OU=ОАО Рога и Копыта,OU=FL,DC=Рога и Копыта,DC=ru;;Калачева;Отдел бюджетирования и финансового анализа;Специалист;test_user_name@horns_and_hooves.ru;;66048
01050000000000051500000007E53B2B782E9D139522F87FD42D0000;test_user_name@horns_and_hooves.ru;Ольга Владимировна;Ольга Владимировна;CN=Наталья Васильевна,OU=Users,OU=Fired,DC=Рога и Копыта,DC=ru;Ольга Владимировна;CN=Ольга Владимировна,OU=Цех наработки косметической массы,OU=Цех Кислородная косметика,OU=Производство,OU=Департамент косметики и парфюмерии,OU=ОАО Рога и Копыта,OU=FL,DC=Рога и Копыта,DC=ru;;Биткова;Цех наработки косметической массы;Мастер;test_user_name@horns_and_hooves.ru;;66048
01050000000000051500000007E53B2B782E9D139522F87FE4190000;test_user_name@horns_and_hooves.ru;Андрей Владимирович;Андрей Владимирович;;Андрей Владимирович;CN=Андрей Владимирович,OU=ЗАО Интерсервис,OU=FL,DC=Рога и Копыта,DC=ru;;Бинат;ЗАО Интерсервис;Генеральный директор;test_user_name@horns_and_hooves.ru;+7 (000) 123-45-67;66048
01050000000000051500000007E53B2B782E9D139522F87F47080000;test_user_name@horns_and_hooves.ru;Наталия Владимировна;Наталия Владимировна;CN=Дмитрий Александрович,OU=Финансовая дирекция,OU=ОАО Рога и Копыта,OU=FL,DC=Рога и Копыта,DC=ru;Наталия Владимировна;CN=Наталия Владимировна,OU=Отдел управления ликвидностью,OU=Финансовая дирекция,OU=ОАО Рога и Копыта,OU=FL,DC=Рога и Копыта,DC=ru;;Кухтинова;управления ликвидностью;Специалист;test_user_name@horns_and_hooves.ru;+7 (000) 123-45-67;66048
01050000000000051500000007E53B2B782E9D139522F87FD5240000;test_user_name@horns_and_hooves.ru;Андрей Анатольевич;Андрей Анатольевич;CN=Ирина Федоровна,OU=Отдел разработки новых продуктов,OU=Департамент косметики и парфюмерии,OU=ОАО Рога и Копыта,OU=FL,DC=Рога и Копыта,DC=ru;Андрей Анатольевич;CN=Андрей Анатольевич,OU=Производственные склады,OU=Производство,OU=Департамент косметики и парфюмерии,OU=ОАО Рога и Копыта,OU=FL,DC=Рога и Копыта,DC=ru;;Страшнов;Производственные склады;Заведующий складом направления ""Парфюмерия"";test_user_name@horns_and_hooves.ru;+7 (000) 123-45-67;66048
01050000000000051500000007E53B2B782E9D139522F87F483B0000;test_user_name@horns_and_hooves.ru;Евгения Михайловна;Евгения Михайловна;CN=Ирина Борисовна,OU=Департамент косметики и парфюмерии,OU=ОАО Рога и Копыта,OU=FL,DC=Рога и Копыта,DC=ru;Евгения Михайловна;CN=Евгения Михайловна,OU=Отдел контроля качеством,OU=Департамент косметики и парфюмерии,OU=ОАО Рога и Копыта,OU=FL,DC=Рога и Копыта,DC=ru;;Куклева;контроля качеством;Директор по качеству;test_user_name@horns_and_hooves.ru;;66048
01050000000000051500000007E53B2B782E9D139522F87FA82D0000;test_user_name@horns_and_hooves.ru;Сергей Борисович;Сергей Борисович;CN=Ирина Борисовна,OU=Департамент косметики и парфюмерии,OU=ОАО Рога и Копыта,OU=FL,DC=Рога и Копыта,DC=ru;Сергей Борисович;CN=Сергей Борисович,OU=Производственные склады,OU=Производство,OU=Департамент косметики и парфюмерии,OU=ОАО Рога и Копыта,OU=FL,DC=Рога и Копыта,DC=ru;;Сакун;Производственные склады;Кладовщик;test_user_name@horns_and_hooves.ru;;66048
01050000000000051500000007E53B2B782E9D139522F87F0B240000;test_user_name@horns_and_hooves.ru;Олег Николаевич;Олег Николаевич;CN=Владислав Андреевич,OU=ОАО Рога и Копыта,OU=FL,DC=Рога и Копыта,DC=ru;Олег Николаевич;CN=Олег Николаевич,OU=Административно-управленческий персонал,OU=ОАО Рога и Копыта,OU=FL,DC=Рога и Копыта,DC=ru;;Куренков;Административно-управленческий персонал;по АХО;test_user_name@horns_and_hooves.ru;+7 (000) 123-45-67;66048
01050000000000051500000007E53B2B782E9D139522F87F9E2D0000;test_user_name@horns_and_hooves.ru;Елена Валерьевна;Елена Валерьевна;CN=Евгения Михайловна,OU=Отдел контроля качеством,OU=Департамент косметики и парфюмерии,OU=ОАО Рога и Копыта,OU=FL,DC=Рога и Копыта,DC=ru;Елена Валерьевна;CN=Елена Валерьевна,OU=Физико-химическая лаборатория,OU=Отдел контроля качеством,OU=Департамент косметики и парфюмерии,OU=ОАО Рога и Копыта,OU=FL,DC=Рога и Копыта,DC=ru;;Варганова;Физико-химическая лаборатория;по качеству;test_user_name@horns_and_hooves.ru;+7 (000) 123-45-67;66048
01050000000000051500000007E53B2B782E9D139522F87F45330000;test_user_name@horns_and_hooves.ru;Светлана Евгеньевна;Светлана Евгеньевна;CN=Маргарита Валентиновна,OU=Участок фасовки и упаковки косметической массы,OU=Цех Кислородная косметика,OU=Производство,OU=Департамент косметики и парфюмерии,OU=ОАО Рога и Копыта,OU=FL,DC=Рога и Копыта,DC=ru;Светлана Евгеньевна;CN=Светлана Евгеньевна,OU=Цех наработки косметической массы,OU=Цех Кислородная косметика,OU=Производство,OU=Департамент косметики и парфюмерии,OU=ОАО Рога и Копыта,OU=FL,DC=Рога и Копыта,DC=ru;;Цой;Цех наработки косметической массы;Начальник цеха;test_user_name@horns_and_hooves.ru;;66048
01050000000000051500000007E53B2B782E9D139522F87F1D2A0000;test_user_name@horns_and_hooves.ru;Гульнар Жакслыковна;Гульнар Жакслыковна;;Гульнар Жакслыковна;CN=Гульнар Жакслыковна,OU=Участок фасовки и упаковки косметической массы,OU=Цех Кислородная косметика,OU=Производство,OU=Департамент косметики и парфюмерии,OU=ОАО Рога и Копыта,OU=FL,DC=Рога и Копыта,DC=ru;;Урангалиева;Участок фасовки и упаковки косметической массы;Мастер;test_user_name@horns_and_hooves.ru;;66048
01050000000000051500000007E53B2B782E9D139522F87FE5190000;test_user_name@horns_and_hooves.ru;Николай Григорьевич;Николай Григорьевич;;Николай Григорьевич;CN=Николай Григорьевич,OU=ЗАО Интерсервис,OU=FL,DC=Рога и Копыта,DC=ru;;Дудник;ЗАО Интерсервис;Начальник службы ИТО\зам.директора;test_user_name@horns_and_hooves.ru;+7 (000) 123-45-67;66048
01050000000000051500000007E53B2B782E9D139522F87F6D240000;test_user_name@horns_and_hooves.ru;Маргарита Валентиновна;Маргарита Валентиновна;CN=Наталья Васильевна,OU=Users,OU=Fired,DC=Рога и Копыта,DC=ru;Маргарита Валентиновна;CN=Маргарита Валентиновна,OU=Участок фасовки и упаковки косметической массы,OU=Цех Кислородная косметика,OU=Производство,OU=Департамент косметики и парфюмерии,OU=ОАО Рога и Копыта,OU=FL,DC=Рога и Копыта,DC=ru;;Лысенко;Участок фасовки и упаковки косметической массы;Начальник цеха;test_user_name@horns_and_hooves.ru;;66048
01050000000000051500000007E53B2B782E9D139522F87F681C0000;test_user_name@horns_and_hooves.ru;Наталья Анатольевна;Наталья Анатольевна;;Наталья Анатольевна;CN=Наталья Анатольевна,OU=Технологический совет,OU=Департамент косметики и парфюмерии,OU=ОАО Рога и Копыта,OU=FL,DC=Рога и Копыта,DC=ru;;Позднякова;Технологический совет;Главный технолог направления ""Уход за волосами"";test_user_name@horns_and_hooves.ru;+7 (000) 123-45-67;66048
01050000000000051500000007E53B2B782E9D139522F87F043B0000;test_user_name@horns_and_hooves.ru;Наталия Владимировна;Наталия Владимировна;;Наталия Владимировна;CN=Наталия Владимировна,OU=Отдел разработки новых продуктов,OU=Департамент косметики и парфюмерии,OU=ОАО Рога и Копыта,OU=FL,DC=Рога и Копыта,DC=ru;;Пронина;Отдел разработки новых продуктов;по операциям;test_user_name@horns_and_hooves.ru;+7 (000) 123-45-67;66048
01050000000000051500000007E53B2B782E9D139522F87F462B0000;test_user_name@horns_and_hooves.ru;Андрей Викторович;Андрей Викторович;CN=Валерий Викторович,OU=Дирекция информационных технологий,OU=ОАО Рога и Копыта,OU=FL,DC=Рога и Копыта,DC=ru;Андрей Викторович;CN=Андрей Викторович,OU=Служба разработки и администрирования,OU=Дирекция информационных технологий,OU=ОАО Рога и Копыта,OU=FL,DC=Рога и Копыта,DC=ru;;Капленко;Служба разработки и администрирования;Руководитель службы разработки программного обеспечения и администрирования;test_user_name@horns_and_hooves.ru;+7 (000) 123-45-67;66048
01050000000000051500000007E53B2B782E9D139522F87F06240000;test_user_name@horns_and_hooves.ru;Наталья Николаевна;Наталья Николаевна;CN=Ирина Александровна,OU=Отдел бюджетирования и финансового анализа,OU=Финансовая дирекция,OU=ОАО Рога и Копыта,OU=FL,DC=Рога и Копыта,DC=ru;Наталья Николаевна;CN=Наталья Николаевна,OU=Отдел бюджетирования и финансового анализа,OU=Финансовая дирекция,OU=ОАО Рога и Копыта,OU=FL,DC=Рога и Копыта,DC=ru;;Катина;Отдел бюджетирования и финансового анализа;начальника отдела;test_user_name@horns_and_hooves.ru;;66048
01050000000000051500000007E53B2B782E9D139522F87F463B0000;test_user_name@horns_and_hooves.ru;Оксана Александровна;Оксана Александровна;CN=Елена Николаевна,OU=Дирекция продаж,OU=ОАО Рога и Копыта,OU=FL,DC=Рога и Копыта,DC=ru;Оксана Александровна;CN=Оксана Александровна,OU=Дирекция продаж,OU=ОАО Рога и Копыта,OU=FL,DC=Рога и Копыта,DC=ru;;Прилуцкая;Дирекция продаж;Директор по продажам направления ""Московский регион"";test_user_name@horns_and_hooves.ru;+7 (000) 123-45-67;66048
01050000000000051500000007E53B2B782E9D139522F87F33240000;test_user_name@horns_and_hooves.ru;Светлана Николаевна;Светлана Николаевна;CN=Елена Николаевна,OU=Дирекция продаж,OU=ОАО Рога и Копыта,OU=FL,DC=Рога и Копыта,DC=ru;Светлана Николаевна;CN=Светлана Николаевна,OU=Бухгалтерия,OU=ООО Рога и Копыта Столица,OU=FL,DC=Рога и Копыта,DC=ru;;Павлова;Бухгалтерия;Главный бухгалтер;test_user_name@horns_and_hooves.ru;+7 (000) 123-45-67;66048
01050000000000051500000007E53B2B782E9D139522F87F32240000;test_user_name@horns_and_hooves.ru;Любовь Васильевна;Любовь Васильевна;CN=Татьяна Станиславовна,OU=Бухгалтерия,OU=Финансовая дирекция,OU=ОАО Рога и Копыта,OU=FL,DC=Рога и Копыта,DC=ru;Любовь Васильевна;CN=Любовь Васильевна,OU=Финансовый отдел,OU=Бухгалтерия,OU=Финансовая дирекция,OU=ОАО Рога и Копыта,OU=FL,DC=Рога и Копыта,DC=ru;;Королева;Финансовый отдел;финансового отдела;test_user_name@horns_and_hooves.ru;;66048
01050000000000051500000007E53B2B782E9D139522F87F643B0000;;Launch IIS Process Account;;;IWAM_FL-SRV;CN=IWAM_FL-SRV,CN=Users,DC=Рога и Копыта,DC=ru;;;;;;;66080
01050000000000051500000007E53B2B782E9D139522F87FBF1B0000;;Internet Guest Account;;;IWAM_FILE-SRV2;CN=IWAM_FILE-SRV2,CN=Users,DC=Рога и Копыта,DC=ru;;;;;;;66080
01050000000000051500000007E53B2B782E9D139522F87FA2290000;test_user_name@horns_and_hooves.ru;Виктория Юрьевна;Виктория Юрьевна;CN=Нина Ремовна,OU=Отдел массовых коммуникаций,OU=Департамент маркетинга и планирования,OU=ОАО Рога и Копыта,OU=FL,DC=Рога и Копыта,DC=ru;Виктория Юрьевна;CN=Виктория Юрьевна,OU=Отдел массовых коммуникаций,OU=Департамент маркетинга и планирования,OU=ОАО Рога и Копыта,OU=FL,DC=Рога и Копыта,DC=ru;;Федорова;массовых коммуникаций;Арт-директор;test_user_name@horns_and_hooves.ru;;66048
01050000000000051500000007E53B2B782E9D139522F87F72330000;test_user_name@horns_and_hooves.ru;Елизавета Александровна;Елизавета Александровна;CN=Ольга Анатольевна,OU=Отдел рекламы и связей с общественностью,OU=Департамент маркетинга и планирования,OU=ОАО Рога и Копыта,OU=FL,DC=Рога и Копыта,DC=ru;Елизавета Александровна;CN=Елизавета Александровна,OU=Отдел рекламы и связей с общественностью,OU=Департамент маркетинга и планирования,OU=ОАО Рога и Копыта,OU=FL,DC=Рога и Копыта,DC=ru;;Прайор;Отдел рекламы и связей с общественностью;Digital Арт-директор отдела рекламы и связей с общественностью;test_user_name@horns_and_hooves.ru;+7 (000) 123-45-67;66048
01050000000000051500000007E53B2B782E9D139522F87FD22D0000;test_user_name@horns_and_hooves.ru;Галина Николаевна;Галина Николаевна;CN=Владислав Андреевич,OU=ОАО Рога и Копыта,OU=FL,DC=Рога и Копыта,DC=ru;Галина Николаевна;CN=Галина Николаевна,OU=Административно-управленческий персонал,OU=ОАО Рога и Копыта,OU=FL,DC=Рога и Копыта,DC=ru;;Исаченко;Административно-управленческий персонал;по персоналу;test_user_name@horns_and_hooves.ru;+7 (000) 123-45-67;66048
01050000000000051500000007E53B2B782E9D139522F87F4A3B0000;test_user_name@horns_and_hooves.ru;Игорь Витальевич;Игорь Витальевич;CN=Михаил Николаевич,OU=Группа разработки Партнер,OU=Отдел разработки программного обеспечения,OU=Служба разработки и администрирования,OU=Дирекция информационных технологий,OU=ОАО Рога и Копыта,OU=FL,DC=Рога и Копыта,DC=ru;Игорь Витальевич;CN=Игорь Витальевич,OU=Группа разработки Партнер,OU=Отдел разработки программного обеспечения,OU=Служба разработки и администрирования,OU=Дирекция информационных технологий,OU=ОАО Рога и Копыта,OU=FL,DC=Рога и Копыта,DC=ru;;Чернявский;разработки Партнер;Ведущий дизайнер;test_user_name@horns_and_hooves.ru;;66048
01050000000000051500000007E53B2B782E9D139522F87F882D0000;test_user_name@horns_and_hooves.ru;Геннадий Алексеевич;Геннадий Алексеевич;CN=Ирина Борисовна,OU=Департамент косметики и парфюмерии,OU=ОАО Рога и Копыта,OU=FL,DC=Рога и Копыта,DC=ru;Геннадий Алексеевич;CN=Геннадий Алексеевич,OU=Инженерная служба,OU=Производство,OU=Департамент косметики и парфюмерии,OU=ОАО Рога и Копыта,OU=FL,DC=Рога и Копыта,DC=ru;;Харламов;Инженерная служба;Специалист по информационным системам;test_user_name@horns_and_hooves.ru;;66048
01050000000000051500000007E53B2B782E9D139522F87F272B0000;test_user_name@horns_and_hooves.ru;Марина Ивановна;Марина Ивановна;CN=Татьяна Станиславовна,OU=Бухгалтерия,OU=Финансовая дирекция,OU=ОАО Рога и Копыта,OU=FL,DC=Рога и Копыта,DC=ru;Марина Ивановна;CN=Марина Ивановна,OU=Бухгалтерия,OU=Финансовая дирекция,OU=ОАО Рога и Копыта,OU=FL,DC=Рога и Копыта,DC=ru;;Бадикова;Бухгалтерия;Зам.главного бухгалтера;test_user_name@horns_and_hooves.ru;;66048
01050000000000051500000007E53B2B782E9D139522F87FC52D0000;test_user_name@horns_and_hooves.ru;Наталья Эдуардовна;Наталья Эдуардовна;CN=Татьяна Андреевна,OU=Отдел маркетинговых исследований,OU=Департамент маркетинга и планирования,OU=ОАО Рога и Копыта,OU=FL,DC=Рога и Копыта,DC=ru;Наталья Эдуардовна;CN=Наталья Эдуардовна,OU=Отдел разработки новых продуктов,OU=Департамент косметики и парфюмерии,OU=ОАО Рога и Копыта,OU=FL,DC=Рога и Копыта,DC=ru;;Эшкинина;Отдел разработки новых продуктов;Ведущий менеджер по продукту;test_user_name@horns_and_hooves.ru;+7 (000) 123-45-67;66048
01050000000000051500000007E53B2B782E9D139522F87F772D0000;test_user_name@horns_and_hooves.ru;Эмилия Владимировна;Эмилия Владимировна;CN=Елена Николаевна,OU=Дирекция продаж,OU=ОАО Рога и Копыта,OU=FL,DC=Рога и Копыта,DC=ru;Эмилия Владимировна;CN=Эмилия Владимировна,OU=Отдел сервисной поддержки консультантов,OU=Дирекция продаж,OU=ОАО Рога и Копыта,OU=FL,DC=Рога и Копыта,DC=ru;;Коврижкина;Отдел сервисной поддержки консультантов;Координатор по поддержке пунктов выдачи;test_user_name@horns_and_hooves.ru;;66048
01050000000000051500000007E53B2B782E9D139522F87F20240000;test_user_name@horns_and_hooves.ru;Татьяна Вениаминовна;Татьяна Вениаминовна;CN=Елена Николаевна,OU=Дирекция продаж,OU=ОАО Рога и Копыта,OU=FL,DC=Рога и Копыта,DC=ru;Татьяна Вениаминовна;CN=Татьяна Вениаминовна,OU=Отдел сервисной поддержки консультантов,OU=Дирекция продаж,OU=ОАО Рога и Копыта,OU=FL,DC=Рога и Копыта,DC=ru;;Паюсова;Отдел сервисной поддержки консультантов;Руководитель отдела сервисной поддержки консультантов;test_user_name@horns_and_hooves.ru;+7 (000) 123-45-67;66048
01050000000000051500000007E53B2B782E9D139522F87F652D0000;test_user_name@horns_and_hooves.ru;Инна Викторовна;Инна Викторовна;CN=Татьяна Вениаминовна,OU=Отдел сервисной поддержки консультантов,OU=Дирекция продаж,OU=ОАО Рога и Копыта,OU=FL,DC=Рога и Копыта,DC=ru;Инна Викторовна;CN=Инна Викторовна,OU=Отдел сервисной поддержки консультантов,OU=Дирекция продаж,OU=ОАО Рога и Копыта,OU=FL,DC=Рога и Копыта,DC=ru;;Локтионова;Отдел сервисной поддержки консультантов;Координатор по поддержке ИП;test_user_name@horns_and_hooves.ru;+7 (000) 123-45-67;66048
01050000000000051500000007E53B2B782E9D139522F87FF8290000;test_user_name@horns_and_hooves.ru;Ольга Валерьевна;Ольга Валерьевна;CN=Татьяна Вениаминовна,OU=Отдел сервисной поддержки консультантов,OU=Дирекция продаж,OU=ОАО Рога и Копыта,OU=FL,DC=Рога и Копыта,DC=ru;Ольга Валерьевна;CN=Ольга Валерьевна,OU=Отдел сервисной поддержки консультантов,OU=Дирекция продаж,OU=ОАО Рога и Копыта,OU=FL,DC=Рога и Копыта,DC=ru;;Чернышева;Отдел сервисной поддержки консультантов;Менеджер группы по обратной связи;test_user_name@horns_and_hooves.ru;+7 (000) 123-45-67;66048
01050000000000051500000007E53B2B782E9D139522F87F9C2D0000;test_user_name@horns_and_hooves.ru;Роман Васильевич;Роман Васильевич;CN=Михаил Михайлович,OU=ОСП Базисный склад г.Домодедово,OU=Базисный склад,OU=Дирекция логистики,OU=ОАО Рога и Копыта,OU=FL,DC=Рога и Копыта,DC=ru;Роман Васильевич;CN=Роман Васильевич,OU=Базисный склад,OU=Дирекция логистики,OU=ОАО Рога и Копыта,OU=FL,DC=Рога и Копыта,DC=ru;;Лазутин;Базисный склад;Начальник участка;test_user_name@horns_and_hooves.ru;+7 (000) 123-45-67;66048
01050000000000051500000007E53B2B782E9D139522F87F50240000;test_user_name@horns_and_hooves.ru;Нина Ремовна;Нина Ремовна;CN=Алла Владимировна,OU=Департамент маркетинга и планирования,OU=ОАО Рога и Копыта,OU=FL,DC=Рога и Копыта,DC=ru;Нина Ремовна;CN=Нина Ремовна,OU=Отдел массовых коммуникаций,OU=Департамент маркетинга и планирования,OU=ОАО Рога и Копыта,OU=FL,DC=Рога и Копыта,DC=ru;;Попова;массовых коммуникаций;Начальник отдела;test_user_name@horns_and_hooves.ru;+7 (000) 123-45-67;66048
01050000000000051500000007E53B2B782E9D139522F87F71330000;test_user_name@horns_and_hooves.ru;Наталья Андреевна;Наталья Андреевна;CN=Нина Ремовна,OU=Отдел массовых коммуникаций,OU=Департамент маркетинга и планирования,OU=ОАО Рога и Копыта,OU=FL,DC=Рога и Копыта,DC=ru;Наталья Андреевна;CN=Наталья Андреевна,OU=Отдел массовых коммуникаций,OU=Департамент маркетинга и планирования,OU=ОАО Рога и Копыта,OU=FL,DC=Рога и Копыта,DC=ru;;Бондарева;массовых коммуникаций;Специалист по массовым коммуникациям;test_user_name@horns_and_hooves.ru;+7 (000) 123-45-67;66048
01050000000000051500000007E53B2B782E9D139522F87F05250000;test_user_name@horns_and_hooves.ru;Илья Сергеевич;Илья Сергеевич;;Илья Сергеевич;CN=Илья Сергеевич,OU=Инвестиционный департамент,OU=ОАО Рога и Копыта,OU=FL,DC=Рога и Копыта,DC=ru;;Пушкин;Инвестиционный департамент;Руководитель проектов;test_user_name@horns_and_hooves.ru;+7 (000) 123-45-67;66048
01050000000000051500000007E53B2B782E9D139522F87F362A0000;test_user_name@horns_and_hooves.ru;SPSetup;SPSetup;;SPSetup;CN=SPSetup,OU=Point,OU=Cloud,DC=Рога и Копыта,DC=ru;;;;;;;66048
01050000000000051500000007E53B2B782E9D139522F87F3B2A0000;test_user_name@horns_and_hooves.ru;SPService;SPService;;SPService;CN=SPService,OU=Point,OU=Cloud,DC=Рога и Копыта,DC=ru;;;;;;;66048